sim_context1	sim_context2
0.49116915464401245	0.7555368542671204
0.7554494738578796	0.746688187122345
0.4793773889541626	0.6149652004241943
0.7141785621643066	0.42259547114372253
0.4061538577079773	0.6940568089485168
0.297049880027771	0.5936674475669861
0.541134774684906	0.733350932598114
0.7121915221214294	0.6528910398483276
0.39947158098220825	0.3690407872200012
0.607913076877594	0.18606793880462646
0.5114423632621765	0.42951062321662903
0.6033297181129456	0.6805471181869507
0.6780961155891418	0.4604880213737488
0.4239104092121124	0.6389836072921753
0.747631847858429	0.31115537881851196
0.5243195295333862	0.5842677354812622
0.443783164024353	0.5234176516532898
0.327536940574646	0.39493876695632935
0.6095831990242004	0.7003530859947205
0.42678549885749817	0.41172343492507935
0.3889424502849579	0.7353321313858032
0.5759852528572083	-0.15605325996875763
0.5329797267913818	0.565266489982605
0.7331714034080505	0.5938761234283447
